web-scraper-order,web-scraper-start-url,page,page-href,title,author_name,date
1614669975-1053,https://www.goodreads.com/review/list/75557397-holly?utf8=%E2%9C%93&shelf=read&title=holly&per_page=20,next »,https://www.goodreads.com/review/list/75557397-holly?page=4&per_page=20&shelf=read&utf8=%E2%9C%93,George and the Unbreakable Code,"Hawking, Lucy","Mar 07, 2019"
1614669981-1071,https://www.goodreads.com/review/list/75557397-holly?utf8=%E2%9C%93&shelf=read&title=holly&per_page=20,next »,https://www.goodreads.com/review/list/75557397-holly?page=5&per_page=20&shelf=read&utf8=%E2%9C%93,Mars Rover Curiosity: An Inside Account from Curiosity's Chief Engineer,"Manning, Rob","Oct 09, 2018"
1614669963-1021,https://www.goodreads.com/review/list/75557397-holly?utf8=%E2%9C%93&shelf=read&title=holly&per_page=20,next »,https://www.goodreads.com/review/list/75557397-holly?page=2&per_page=20&shelf=read&utf8=%E2%9C%93,The Georgian Star: How William and Caroline Herschel Revolutionized Our Understanding of the Cosmos,"Lemonick, Michael D.","Dec 07, 2019"
1614669963-1010,https://www.goodreads.com/review/list/75557397-holly?utf8=%E2%9C%93&shelf=read&title=holly&per_page=20,next »,https://www.goodreads.com/review/list/75557397-holly?page=2&per_page=20&shelf=read&utf8=%E2%9C%93,The Conscious Closet: The Revolutionary Guide to Looking Good While Doing Good,"Cline, Elizabeth L.","Jan 29, 2020"
1614669963-1017,https://www.goodreads.com/review/list/75557397-holly?utf8=%E2%9C%93&shelf=read&title=holly&per_page=20,next »,https://www.goodreads.com/review/list/75557397-holly?page=2&per_page=20&shelf=read&utf8=%E2%9C%93,Less Stuff: Simple Zero-Waste Steps To A Joyful And Clutter-Free Life,"Miles, Lindsay","Dec 23, 2019"
1614669970-1044,https://www.goodreads.com/review/list/75557397-holly?utf8=%E2%9C%93&shelf=read&title=holly&per_page=20,next »,https://www.goodreads.com/review/list/75557397-holly?page=3&per_page=20&shelf=read&utf8=%E2%9C%93,"Windwitch
        (The Witchlands, #2)","Dennard, Susan","May 19, 2019"
1614669986-1101,https://www.goodreads.com/review/list/75557397-holly?utf8=%E2%9C%93&shelf=read&title=holly&per_page=20,next »,https://www.goodreads.com/review/list/75557397-holly?page=6&per_page=20&shelf=read&utf8=%E2%9C%93,The Martian,"Weir, Andy",null
1614669963-1015,https://www.goodreads.com/review/list/75557397-holly?utf8=%E2%9C%93&shelf=read&title=holly&per_page=20,next »,https://www.goodreads.com/review/list/75557397-holly?page=2&per_page=20&shelf=read&utf8=%E2%9C%93,"Avatar: The Last Airbender: Imbalance
        (Avatar: The Last Airbender, #6)","Hicks, Faith Erin","Jan 06, 2020"
1614669981-1078,https://www.goodreads.com/review/list/75557397-holly?utf8=%E2%9C%93&shelf=read&title=holly&per_page=20,next »,https://www.goodreads.com/review/list/75557397-holly?page=5&per_page=20&shelf=read&utf8=%E2%9C%93,"Insurgent
        (Divergent, #2)","Roth, Veronica","Aug 23, 2018"
1614669986-1095,https://www.goodreads.com/review/list/75557397-holly?utf8=%E2%9C%93&shelf=read&title=holly&per_page=20,next »,https://www.goodreads.com/review/list/75557397-holly?page=6&per_page=20&shelf=read&utf8=%E2%9C%93,The Tales of Beedle the Bard,"Rowling, J.K.",null
1614669981-1068,https://www.goodreads.com/review/list/75557397-holly?utf8=%E2%9C%93&shelf=read&title=holly&per_page=20,next »,https://www.goodreads.com/review/list/75557397-holly?page=5&per_page=20&shelf=read&utf8=%E2%9C%93,"The Future of Humanity: Terraforming Mars, Interstellar Travel, Immortality and Our Destiny Beyond Earth","Kaku, Michio","Nov 27, 2018"
1614669975-1045,https://www.goodreads.com/review/list/75557397-holly?utf8=%E2%9C%93&shelf=read&title=holly&per_page=20,next »,https://www.goodreads.com/review/list/75557397-holly?page=4&per_page=20&shelf=read&utf8=%E2%9C%93,Accessory to War: The Unspoken Alliance Between Astrophysics and the Military,"Tyson, Neil deGrasse","May 13, 2019"
1614669970-1037,https://www.goodreads.com/review/list/75557397-holly?utf8=%E2%9C%93&shelf=read&title=holly&per_page=20,next »,https://www.goodreads.com/review/list/75557397-holly?page=3&per_page=20&shelf=read&utf8=%E2%9C%93,Cows Save the Planet: And Other Improbable Ways of Restoring Soil to Heal the Earth,"Schwartz, Judith D.","Aug 18, 2019"
1614669990-1109,https://www.goodreads.com/review/list/75557397-holly?utf8=%E2%9C%93&shelf=read&title=holly&per_page=20,next »,https://www.goodreads.com/review/list/75557397-holly?page=7&per_page=20&shelf=read&utf8=%E2%9C%93,Dewey's Nine Lives: The Legacy of the Small-Town Library Cat Who Inspired Millions,"Myron, Vicki",null
1614669990-1106,https://www.goodreads.com/review/list/75557397-holly?utf8=%E2%9C%93&shelf=read&title=holly&per_page=20,next »,https://www.goodreads.com/review/list/75557397-holly?page=7&per_page=20&shelf=read&utf8=%E2%9C%93,"Inkspell
        (Inkworld, #2)","Funke, Cornelia",null
1614669975-1048,https://www.goodreads.com/review/list/75557397-holly?utf8=%E2%9C%93&shelf=read&title=holly&per_page=20,next »,https://www.goodreads.com/review/list/75557397-holly?page=4&per_page=20&shelf=read&utf8=%E2%9C%93,The Index Card: Why Personal Finance Doesn’t Have to Be Complicated,"Olen, Helaine","Apr 14, 2019"
1614669963-1024,https://www.goodreads.com/review/list/75557397-holly?utf8=%E2%9C%93&shelf=read&title=holly&per_page=20,next »,https://www.goodreads.com/review/list/75557397-holly?page=2&per_page=20&shelf=read&utf8=%E2%9C%93,Waste Not Everyday,"Rhoads, Erin","Nov 22, 2019"
1614669956-986,https://www.goodreads.com/review/list/75557397-holly?utf8=%E2%9C%93&shelf=read&title=holly&per_page=20,,,Scarcity: Why Having Too Little Means So Much,"Mullainathan, Sendhil","Jan 30, 2021"
1614669986-1094,https://www.goodreads.com/review/list/75557397-holly?utf8=%E2%9C%93&shelf=read&title=holly&per_page=20,next »,https://www.goodreads.com/review/list/75557397-holly?page=6&per_page=20&shelf=read&utf8=%E2%9C%93,"Harry Potter and the Half-Blood Prince
        (Harry Potter, #6)","Rowling, J.K.",null
1614669981-1070,https://www.goodreads.com/review/list/75557397-holly?utf8=%E2%9C%93&shelf=read&title=holly&per_page=20,next »,https://www.goodreads.com/review/list/75557397-holly?page=5&per_page=20&shelf=read&utf8=%E2%9C%93,Apollo 8: The Thrilling Story of the First Mission to the Moon,"Kluger, Jeffrey","Oct 15, 2018"
1614669975-1059,https://www.goodreads.com/review/list/75557397-holly?utf8=%E2%9C%93&shelf=read&title=holly&per_page=20,next »,https://www.goodreads.com/review/list/75557397-holly?page=4&per_page=20&shelf=read&utf8=%E2%9C%93,"Parallel Worlds: A Journey through Creation, Higher Dimensions, and the Future of the Cosmos","Kaku, Michio","Jan 24, 2019"
1614669970-1034,https://www.goodreads.com/review/list/75557397-holly?utf8=%E2%9C%93&shelf=read&title=holly&per_page=20,next »,https://www.goodreads.com/review/list/75557397-holly?page=3&per_page=20&shelf=read&utf8=%E2%9C%93,This Changes Everything: Capitalism vs. The Climate,"Klein, Naomi","Sep 09, 2019"
1614669986-1100,https://www.goodreads.com/review/list/75557397-holly?utf8=%E2%9C%93&shelf=read&title=holly&per_page=20,next »,https://www.goodreads.com/review/list/75557397-holly?page=6&per_page=20&shelf=read&utf8=%E2%9C%93,"Harry Potter and the Prisoner of Azkaban
        (Harry Potter, #3)","Rowling, J.K.",null
1614669981-1066,https://www.goodreads.com/review/list/75557397-holly?utf8=%E2%9C%93&shelf=read&title=holly&per_page=20,next »,https://www.goodreads.com/review/list/75557397-holly?page=5&per_page=20&shelf=read&utf8=%E2%9C%93,Artemis,"Weir, Andy","Dec 03, 2018"
1614669956-985,https://www.goodreads.com/review/list/75557397-holly?utf8=%E2%9C%93&shelf=read&title=holly&per_page=20,,,"""Surely You're Joking, Mr. Feynman!"": Adventures of a Curious Character","Feynman, Richard","Feb 14, 2021"
1614669970-1039,https://www.goodreads.com/review/list/75557397-holly?utf8=%E2%9C%93&shelf=read&title=holly&per_page=20,next »,https://www.goodreads.com/review/list/75557397-holly?page=3&per_page=20&shelf=read&utf8=%E2%9C%93,"100 Things to See in the Southern Night Sky: From Planets and Satellites to Meteors and Constellations, Your Guide to Stargazing","Regas, Dean","Jul 15, 2019"
1614669970-1026,https://www.goodreads.com/review/list/75557397-holly?utf8=%E2%9C%93&shelf=read&title=holly&per_page=20,next »,https://www.goodreads.com/review/list/75557397-holly?page=3&per_page=20&shelf=read&utf8=%E2%9C%93,"The Promise
        (Avatar: The Last Airbender, #1)","Yang, Gene Luen","Nov 09, 2019"
1614669981-1072,https://www.goodreads.com/review/list/75557397-holly?utf8=%E2%9C%93&shelf=read&title=holly&per_page=20,next »,https://www.goodreads.com/review/list/75557397-holly?page=5&per_page=20&shelf=read&utf8=%E2%9C%93,Waste Not,"Rhoads, Erin","Oct 08, 2018"
1614669970-1032,https://www.goodreads.com/review/list/75557397-holly?utf8=%E2%9C%93&shelf=read&title=holly&per_page=20,next »,https://www.goodreads.com/review/list/75557397-holly?page=3&per_page=20&shelf=read&utf8=%E2%9C%93,101 Ways to Go Zero Waste,"Kellogg, Kathryn","Sep 23, 2019"
1614669975-1061,https://www.goodreads.com/review/list/75557397-holly?utf8=%E2%9C%93&shelf=read&title=holly&per_page=20,next »,https://www.goodreads.com/review/list/75557397-holly?page=4&per_page=20&shelf=read&utf8=%E2%9C%93,The God Delusion,"Dawkins, Richard","Jan 06, 2019"
1614669970-1025,https://www.goodreads.com/review/list/75557397-holly?utf8=%E2%9C%93&shelf=read&title=holly&per_page=20,next »,https://www.goodreads.com/review/list/75557397-holly?page=3&per_page=20&shelf=read&utf8=%E2%9C%93,Daughter of Gloriavale: My life in a Religious Cult,"Tarawa, Lilia","Nov 18, 2019"
1614669986-1091,https://www.goodreads.com/review/list/75557397-holly?utf8=%E2%9C%93&shelf=read&title=holly&per_page=20,next »,https://www.goodreads.com/review/list/75557397-holly?page=6&per_page=20&shelf=read&utf8=%E2%9C%93,Fantastic Beasts and Where to Find Them,"Scamander, Newt",null
1614669990-1107,https://www.goodreads.com/review/list/75557397-holly?utf8=%E2%9C%93&shelf=read&title=holly&per_page=20,next »,https://www.goodreads.com/review/list/75557397-holly?page=7&per_page=20&shelf=read&utf8=%E2%9C%93,"Ultraviolet
        (Ultraviolet, #1)","Anderson, R.J.",null
1614669970-1036,https://www.goodreads.com/review/list/75557397-holly?utf8=%E2%9C%93&shelf=read&title=holly&per_page=20,next »,https://www.goodreads.com/review/list/75557397-holly?page=3&per_page=20&shelf=read&utf8=%E2%9C%93,Spark Joy: An Illustrated Guide to the Japanese Art of Tidying,"Kondo, Marie","Aug 24, 2019"
1614669981-1077,https://www.goodreads.com/review/list/75557397-holly?utf8=%E2%9C%93&shelf=read&title=holly&per_page=20,next »,https://www.goodreads.com/review/list/75557397-holly?page=5&per_page=20&shelf=read&utf8=%E2%9C%93,Astrophysics for People in a Hurry,"Tyson, Neil deGrasse","Aug 29, 2018"
1614669956-990,https://www.goodreads.com/review/list/75557397-holly?utf8=%E2%9C%93&shelf=read&title=holly&per_page=20,,,"The Ballad of Songbirds and Snakes
        (The Hunger Games, #0)","Collins, Suzanne","Dec 04, 2020"
1614669975-1051,https://www.goodreads.com/review/list/75557397-holly?utf8=%E2%9C%93&shelf=read&title=holly&per_page=20,next »,https://www.goodreads.com/review/list/75557397-holly?page=4&per_page=20&shelf=read&utf8=%E2%9C%93,"Happily Ever After
        (The Selection, #0.4, 0.5, 2.5, 3.1, 3.5)","Cass, Kiera","Mar 26, 2019"
1614669981-1083,https://www.goodreads.com/review/list/75557397-holly?utf8=%E2%9C%93&shelf=read&title=holly&per_page=20,next »,https://www.goodreads.com/review/list/75557397-holly?page=5&per_page=20&shelf=read&utf8=%E2%9C%93,The Financial Diet,"Fagan, Chelsea","Apr 28, 2018"
1614669970-1038,https://www.goodreads.com/review/list/75557397-holly?utf8=%E2%9C%93&shelf=read&title=holly&per_page=20,next »,https://www.goodreads.com/review/list/75557397-holly?page=3&per_page=20&shelf=read&utf8=%E2%9C%93,Hidden Figures,"Shetterly, Margot Lee","Jul 23, 2019"
1614669986-1087,https://www.goodreads.com/review/list/75557397-holly?utf8=%E2%9C%93&shelf=read&title=holly&per_page=20,next »,https://www.goodreads.com/review/list/75557397-holly?page=6&per_page=20&shelf=read&utf8=%E2%9C%93,The Fault in Our Stars,"Green, John",Mar-18
1614669963-1012,https://www.goodreads.com/review/list/75557397-holly?utf8=%E2%9C%93&shelf=read&title=holly&per_page=20,next »,https://www.goodreads.com/review/list/75557397-holly?page=2&per_page=20&shelf=read&utf8=%E2%9C%93,Kindred,"Butler, Octavia E.","Jan 20, 2020"
1614669981-1074,https://www.goodreads.com/review/list/75557397-holly?utf8=%E2%9C%93&shelf=read&title=holly&per_page=20,next »,https://www.goodreads.com/review/list/75557397-holly?page=5&per_page=20&shelf=read&utf8=%E2%9C%93,"How to Give Up Plastic: A Guide to Changing the World, One Plastic Bottle at a Time","McCallum, Will","Sep 29, 2018"
1614669981-1075,https://www.goodreads.com/review/list/75557397-holly?utf8=%E2%9C%93&shelf=read&title=holly&per_page=20,next »,https://www.goodreads.com/review/list/75557397-holly?page=5&per_page=20&shelf=read&utf8=%E2%9C%93,"100 Things to See in the Night Sky: From Planets and Satellites to Meteors and Constellations, Your Guide to Stargazing","Regas, Dean","Sep 28, 2018"
1614669981-1084,https://www.goodreads.com/review/list/75557397-holly?utf8=%E2%9C%93&shelf=read&title=holly&per_page=20,next »,https://www.goodreads.com/review/list/75557397-holly?page=5&per_page=20&shelf=read&utf8=%E2%9C%93,After Cleo,"Brown, Helen","Apr 15, 2018"
1614669986-1085,https://www.goodreads.com/review/list/75557397-holly?utf8=%E2%9C%93&shelf=read&title=holly&per_page=20,next »,https://www.goodreads.com/review/list/75557397-holly?page=6&per_page=20&shelf=read&utf8=%E2%9C%93,"The Heart of Betrayal
        (The Remnant Chronicles, #2)","Pearson, Mary E.","Mar 18, 2018"
1614669990-1110,https://www.goodreads.com/review/list/75557397-holly?utf8=%E2%9C%93&shelf=read&title=holly&per_page=20,next »,https://www.goodreads.com/review/list/75557397-holly?page=7&per_page=20&shelf=read&utf8=%E2%9C%93,"The Eternity Code
        (Artemis Fowl #3)","Colfer, Eoin",null
1614669963-1011,https://www.goodreads.com/review/list/75557397-holly?utf8=%E2%9C%93&shelf=read&title=holly&per_page=20,next »,https://www.goodreads.com/review/list/75557397-holly?page=2&per_page=20&shelf=read&utf8=%E2%9C%93,Avatar: The Last Airbender: Team Avatar Tales,"Yang, Gene Luen","Jan 22, 2020"
1614669986-1092,https://www.goodreads.com/review/list/75557397-holly?utf8=%E2%9C%93&shelf=read&title=holly&per_page=20,next »,https://www.goodreads.com/review/list/75557397-holly?page=6&per_page=20&shelf=read&utf8=%E2%9C%93,Harry Potter and the Sorcerer's Stone,"Rowling, J.K.",null
1614669956-1001,https://www.goodreads.com/review/list/75557397-holly?utf8=%E2%9C%93&shelf=read&title=holly&per_page=20,,,Plastic Water: The Social and Material Life of Bottled Water,"Hawkins, Gay","Apr 22, 2020"
1614669981-1073,https://www.goodreads.com/review/list/75557397-holly?utf8=%E2%9C%93&shelf=read&title=holly&per_page=20,next »,https://www.goodreads.com/review/list/75557397-holly?page=5&per_page=20&shelf=read&utf8=%E2%9C%93,"Hunger
        (Gone, #2)","Grant, Michael",Oct-18
1614669975-1057,https://www.goodreads.com/review/list/75557397-holly?utf8=%E2%9C%93&shelf=read&title=holly&per_page=20,next »,https://www.goodreads.com/review/list/75557397-holly?page=4&per_page=20&shelf=read&utf8=%E2%9C%93,"Truthwitch
        (The Witchlands, #1)","Dennard, Susan","Feb 10, 2019"
1614669956-1003,https://www.goodreads.com/review/list/75557397-holly?utf8=%E2%9C%93&shelf=read&title=holly&per_page=20,,,"The Bullet Journal Method: Track the Past, Order the Present, Design the Future","Carroll, Ryder","Mar 26, 2020"
1614669963-1007,https://www.goodreads.com/review/list/75557397-holly?utf8=%E2%9C%93&shelf=read&title=holly&per_page=20,next »,https://www.goodreads.com/review/list/75557397-holly?page=2&per_page=20&shelf=read&utf8=%E2%9C%93,"The Legend of Korra: Turf Wars
        (The Legend of Korra, #1)","DiMartino, Michael Dante","Feb 20, 2020"
1614669956-993,https://www.goodreads.com/review/list/75557397-holly?utf8=%E2%9C%93&shelf=read&title=holly&per_page=20,,,Know My Name,"Miller, Chanel","Nov 07, 2020"
1614669975-1058,https://www.goodreads.com/review/list/75557397-holly?utf8=%E2%9C%93&shelf=read&title=holly&per_page=20,next »,https://www.goodreads.com/review/list/75557397-holly?page=4&per_page=20&shelf=read&utf8=%E2%9C%93,Junk Raft: An Ocean Voyage and a Rising Tide of Activism to Fight Plastic Pollution,"Eriksen, Marcus",Feb-19
1614669963-1014,https://www.goodreads.com/review/list/75557397-holly?utf8=%E2%9C%93&shelf=read&title=holly&per_page=20,next »,https://www.goodreads.com/review/list/75557397-holly?page=2&per_page=20&shelf=read&utf8=%E2%9C%93,Avatar: The Last Airbender: The Lost Adventures,"Konietzko, Bryan","Jan 11, 2020"
1614669956-989,https://www.goodreads.com/review/list/75557397-holly?utf8=%E2%9C%93&shelf=read&title=holly&per_page=20,,,What Stars are Made of: The Life of Cecilia Payne-Gaposchkin,"Moore, Donovan","Dec 15, 2020"
1614669986-1102,https://www.goodreads.com/review/list/75557397-holly?utf8=%E2%9C%93&shelf=read&title=holly&per_page=20,next »,https://www.goodreads.com/review/list/75557397-holly?page=6&per_page=20&shelf=read&utf8=%E2%9C%93,Cleo: How an Uppity Cat Helped Heal a Family,"Brown, Helen",null
1614669986-1097,https://www.goodreads.com/review/list/75557397-holly?utf8=%E2%9C%93&shelf=read&title=holly&per_page=20,next »,https://www.goodreads.com/review/list/75557397-holly?page=6&per_page=20&shelf=read&utf8=%E2%9C%93,"Harry Potter and the Deathly Hallows
        (Harry Potter, #7)","Rowling, J.K.",null
1614669970-1035,https://www.goodreads.com/review/list/75557397-holly?utf8=%E2%9C%93&shelf=read&title=holly&per_page=20,next »,https://www.goodreads.com/review/list/75557397-holly?page=3&per_page=20&shelf=read&utf8=%E2%9C%93,A Brief History of Time,"Hawking, Stephen","Sep 06, 2019"
1614669963-1023,https://www.goodreads.com/review/list/75557397-holly?utf8=%E2%9C%93&shelf=read&title=holly&per_page=20,next »,https://www.goodreads.com/review/list/75557397-holly?page=2&per_page=20&shelf=read&utf8=%E2%9C%93,Educated,"Westover, Tara","Nov 24, 2019"
1614669956-999,https://www.goodreads.com/review/list/75557397-holly?utf8=%E2%9C%93&shelf=read&title=holly&per_page=20,,,"Generation One
        (Lorien Legacies Reborn, #1)","Lore, Pittacus","Jun 22, 2020"
1614669963-1013,https://www.goodreads.com/review/list/75557397-holly?utf8=%E2%9C%93&shelf=read&title=holly&per_page=20,next »,https://www.goodreads.com/review/list/75557397-holly?page=2&per_page=20&shelf=read&utf8=%E2%9C%93,Origins: Fourteen Billion Years of Cosmic Evolution,"Tyson, Neil deGrasse","Jan 13, 2020"
1614669981-1076,https://www.goodreads.com/review/list/75557397-holly?utf8=%E2%9C%93&shelf=read&title=holly&per_page=20,next »,https://www.goodreads.com/review/list/75557397-holly?page=5&per_page=20&shelf=read&utf8=%E2%9C%93,Nomad,"Anderson, R.J.","Sep 24, 2018"
1614669981-1067,https://www.goodreads.com/review/list/75557397-holly?utf8=%E2%9C%93&shelf=read&title=holly&per_page=20,next »,https://www.goodreads.com/review/list/75557397-holly?page=5&per_page=20&shelf=read&utf8=%E2%9C%93,"The Selection
        (The Selection, #1)","Cass, Kiera",Dec-18
1614669975-1062,https://www.goodreads.com/review/list/75557397-holly?utf8=%E2%9C%93&shelf=read&title=holly&per_page=20,next »,https://www.goodreads.com/review/list/75557397-holly?page=4&per_page=20&shelf=read&utf8=%E2%9C%93,Zero Waste Home: The Ultimate Guide to Simplifying Your Life by Reducing Your Waste,"Johnson, Bea","Jan 05, 2019"
1614669975-1063,https://www.goodreads.com/review/list/75557397-holly?utf8=%E2%9C%93&shelf=read&title=holly&per_page=20,next »,https://www.goodreads.com/review/list/75557397-holly?page=4&per_page=20&shelf=read&utf8=%E2%9C%93,Junkyard Planet: Travels in the Billion-Dollar Trash Trade,"Minter, Adam","Dec 19, 2018"
1614669986-1090,https://www.goodreads.com/review/list/75557397-holly?utf8=%E2%9C%93&shelf=read&title=holly&per_page=20,next »,https://www.goodreads.com/review/list/75557397-holly?page=6&per_page=20&shelf=read&utf8=%E2%9C%93,"Harry Potter and the Goblet of Fire
        (Harry Potter, #4)","Rowling, J.K.",null
1614669970-1030,https://www.goodreads.com/review/list/75557397-holly?utf8=%E2%9C%93&shelf=read&title=holly&per_page=20,next »,https://www.goodreads.com/review/list/75557397-holly?page=3&per_page=20&shelf=read&utf8=%E2%9C%93,"The Year of Less: How I Stopped Shopping, Gave Away My Belongings, and Discovered Life Is Worth More Than Anything You Can Buy in a Store","Flanders, Cait","Oct 12, 2019"
1614669990-1112,https://www.goodreads.com/review/list/75557397-holly?utf8=%E2%9C%93&shelf=read&title=holly&per_page=20,next »,https://www.goodreads.com/review/list/75557397-holly?page=7&per_page=20&shelf=read&utf8=%E2%9C%93,"The Atlantis Complex
        (Artemis Fowl #7)","Colfer, Eoin",null
1614669986-1096,https://www.goodreads.com/review/list/75557397-holly?utf8=%E2%9C%93&shelf=read&title=holly&per_page=20,next »,https://www.goodreads.com/review/list/75557397-holly?page=6&per_page=20&shelf=read&utf8=%E2%9C%93,"Harry Potter and the Chamber of Secrets
        (Harry Potter, #2)","Rowling, J.K.",null
1614669956-991,https://www.goodreads.com/review/list/75557397-holly?utf8=%E2%9C%93&shelf=read&title=holly&per_page=20,,,An American Marriage,"Jones, Tayari","Nov 23, 2020"
1614669970-1042,https://www.goodreads.com/review/list/75557397-holly?utf8=%E2%9C%93&shelf=read&title=holly&per_page=20,next »,https://www.goodreads.com/review/list/75557397-holly?page=3&per_page=20&shelf=read&utf8=%E2%9C%93,"Bright Star: Beatrice Hill Tinsley, Astronomer","Catley, Christine Cole","Jun 12, 2019"
1614669975-1056,https://www.goodreads.com/review/list/75557397-holly?utf8=%E2%9C%93&shelf=read&title=holly&per_page=20,next »,https://www.goodreads.com/review/list/75557397-holly?page=4&per_page=20&shelf=read&utf8=%E2%9C%93,"The Future of the Mind: The Scientific Quest to Understand, Enhance, and Empower the Mind","Kaku, Michio","Feb 10, 2019"
1614669956-1004,https://www.goodreads.com/review/list/75557397-holly?utf8=%E2%9C%93&shelf=read&title=holly&per_page=20,,,A Family Guide to Waste-free Living,"Carter, Lauren","Mar 13, 2020"
1614669986-1088,https://www.goodreads.com/review/list/75557397-holly?utf8=%E2%9C%93&shelf=read&title=holly&per_page=20,next »,https://www.goodreads.com/review/list/75557397-holly?page=6&per_page=20&shelf=read&utf8=%E2%9C%93,Dewey: The Small-Town Library Cat Who Touched the World,"Myron, Vicki",null
1614669981-1081,https://www.goodreads.com/review/list/75557397-holly?utf8=%E2%9C%93&shelf=read&title=holly&per_page=20,next »,https://www.goodreads.com/review/list/75557397-holly?page=5&per_page=20&shelf=read&utf8=%E2%9C%93,"The Beauty of Darkness
        (The Remnant Chronicles, #3)","Pearson, Mary E.","Jun 08, 2018"
1614669963-1009,https://www.goodreads.com/review/list/75557397-holly?utf8=%E2%9C%93&shelf=read&title=holly&per_page=20,next »,https://www.goodreads.com/review/list/75557397-holly?page=2&per_page=20&shelf=read&utf8=%E2%9C%93,Two People & a Place: The Family Who Lived in Sydney Observatory,"Russell, Roslyn","Feb 05, 2020"
1614669970-1028,https://www.goodreads.com/review/list/75557397-holly?utf8=%E2%9C%93&shelf=read&title=holly&per_page=20,next »,https://www.goodreads.com/review/list/75557397-holly?page=3&per_page=20&shelf=read&utf8=%E2%9C%93,"Love, Life, and Elephants: An African Love Story","Sheldrick, Daphne","Oct 29, 2019"
1614669956-992,https://www.goodreads.com/review/list/75557397-holly?utf8=%E2%9C%93&shelf=read&title=holly&per_page=20,,,"Avatar: The Last Airbender: Katara and the Pirate's Silver
        (Avatar: The Last Airbender, #0.5)","Hicks, Faith Erin","Nov 19, 2020"
1614669956-994,https://www.goodreads.com/review/list/75557397-holly?utf8=%E2%9C%93&shelf=read&title=holly&per_page=20,,,Matariki: the star of the year,"Matamua, Rangi","Oct 28, 2020"
1614669963-1016,https://www.goodreads.com/review/list/75557397-holly?utf8=%E2%9C%93&shelf=read&title=holly&per_page=20,next »,https://www.goodreads.com/review/list/75557397-holly?page=2&per_page=20&shelf=read&utf8=%E2%9C%93,"Avatar: The Last Airbender: North and South
        (Avatar: The Last Airbender, #5)","Yang, Gene Luen","Dec 24, 2019"
1614669975-1060,https://www.goodreads.com/review/list/75557397-holly?utf8=%E2%9C%93&shelf=read&title=holly&per_page=20,next »,https://www.goodreads.com/review/list/75557397-holly?page=4&per_page=20&shelf=read&utf8=%E2%9C%93,"The Heir
        (The Selection, #4)","Cass, Kiera","Jan 18, 2019"
1614669975-1052,https://www.goodreads.com/review/list/75557397-holly?utf8=%E2%9C%93&shelf=read&title=holly&per_page=20,next »,https://www.goodreads.com/review/list/75557397-holly?page=4&per_page=20&shelf=read&utf8=%E2%9C%93,"Rise of the Rocket Girls: The Women Who Propelled Us, from Missiles to the Moon to Mars","Holt, Nathalia","Mar 14, 2019"
1614669956-1002,https://www.goodreads.com/review/list/75557397-holly?utf8=%E2%9C%93&shelf=read&title=holly&per_page=20,,,The Theory Of Everything,"Hawking, Stephen","Apr 04, 2020"
1614669970-1040,https://www.goodreads.com/review/list/75557397-holly?utf8=%E2%9C%93&shelf=read&title=holly&per_page=20,next »,https://www.goodreads.com/review/list/75557397-holly?page=3&per_page=20&shelf=read&utf8=%E2%9C%93,The Uninhabitable Earth: Life After Warming,"Wallace-Wells, David","Jun 20, 2019"
1614669975-1055,https://www.goodreads.com/review/list/75557397-holly?utf8=%E2%9C%93&shelf=read&title=holly&per_page=20,next »,https://www.goodreads.com/review/list/75557397-holly?page=4&per_page=20&shelf=read&utf8=%E2%9C%93,The Help,"Stockett, Kathryn","Feb 24, 2019"
1614669975-1064,https://www.goodreads.com/review/list/75557397-holly?utf8=%E2%9C%93&shelf=read&title=holly&per_page=20,next »,https://www.goodreads.com/review/list/75557397-holly?page=4&per_page=20&shelf=read&utf8=%E2%9C%93,"The One
        (The Selection, #3)","Cass, Kiera","Dec 15, 2018"
1614669990-1108,https://www.goodreads.com/review/list/75557397-holly?utf8=%E2%9C%93&shelf=read&title=holly&per_page=20,next »,https://www.goodreads.com/review/list/75557397-holly?page=7&per_page=20&shelf=read&utf8=%E2%9C%93,Life of Pi,"Martel, Yann",null
1614669981-1080,https://www.goodreads.com/review/list/75557397-holly?utf8=%E2%9C%93&shelf=read&title=holly&per_page=20,next »,https://www.goodreads.com/review/list/75557397-holly?page=5&per_page=20&shelf=read&utf8=%E2%9C%93,"Morrighan
        (The Remnant Chronicles, #0.5)","Pearson, Mary E.","Jul 11, 2018"
1614669975-1049,https://www.goodreads.com/review/list/75557397-holly?utf8=%E2%9C%93&shelf=read&title=holly&per_page=20,next »,https://www.goodreads.com/review/list/75557397-holly?page=4&per_page=20&shelf=read&utf8=%E2%9C%93,A Life Less Throwaway: The Lost Art of Buying for Life,"Button, Tara","Apr 06, 2019"
1614669956-988,https://www.goodreads.com/review/list/75557397-holly?utf8=%E2%9C%93&shelf=read&title=holly&per_page=20,,,Inferior: How Science Got Women Wrong—and the New Research That's Rewriting the Story,"Saini, Angela","Jan 06, 2021"
1614669970-1027,https://www.goodreads.com/review/list/75557397-holly?utf8=%E2%9C%93&shelf=read&title=holly&per_page=20,next »,https://www.goodreads.com/review/list/75557397-holly?page=3&per_page=20&shelf=read&utf8=%E2%9C%93,"Bloodwitch
        (The Witchlands, #3)","Dennard, Susan","Nov 06, 2019"
1614669981-1082,https://www.goodreads.com/review/list/75557397-holly?utf8=%E2%9C%93&shelf=read&title=holly&per_page=20,next »,https://www.goodreads.com/review/list/75557397-holly?page=5&per_page=20&shelf=read&utf8=%E2%9C%93,"Divergent
        (Divergent, #1)","Roth, Veronica","May 06, 2018"
1614669970-1031,https://www.goodreads.com/review/list/75557397-holly?utf8=%E2%9C%93&shelf=read&title=holly&per_page=20,next »,https://www.goodreads.com/review/list/75557397-holly?page=3&per_page=20&shelf=read&utf8=%E2%9C%93,"The Disappearing Spoon: And Other True Tales of Madness, Love, and the History of the World from the Periodic Table of the Elements","Kean, Sam","Oct 03, 2019"
1614669956-995,https://www.goodreads.com/review/list/75557397-holly?utf8=%E2%9C%93&shelf=read&title=holly&per_page=20,,,Southern Nights,"Arnold, Naomi","Oct 19, 2020"
1614669986-1086,https://www.goodreads.com/review/list/75557397-holly?utf8=%E2%9C%93&shelf=read&title=holly&per_page=20,next »,https://www.goodreads.com/review/list/75557397-holly?page=6&per_page=20&shelf=read&utf8=%E2%9C%93,"The Kiss of Deception
        (The Remnant Chronicles, #1)","Pearson, Mary E.","Mar 04, 2018"
1614669956-996,https://www.goodreads.com/review/list/75557397-holly?utf8=%E2%9C%93&shelf=read&title=holly&per_page=20,,,The End of Night: Searching for Natural Darkness in an Age of Artificial Light,"Bogard, Paul","Sep 22, 2020"
1614669986-1104,https://www.goodreads.com/review/list/75557397-holly?utf8=%E2%9C%93&shelf=read&title=holly&per_page=20,next »,https://www.goodreads.com/review/list/75557397-holly?page=6&per_page=20&shelf=read&utf8=%E2%9C%93,"Swift
        (Swift, #1)","Anderson, R.J.",null
1614669990-1105,https://www.goodreads.com/review/list/75557397-holly?utf8=%E2%9C%93&shelf=read&title=holly&per_page=20,null,https://www.goodreads.com/review/list/75557397-holly?page=7&per_page=20&shelf=read&utf8=%E2%9C%93,,,
1614669963-1019,https://www.goodreads.com/review/list/75557397-holly?utf8=%E2%9C%93&shelf=read&title=holly&per_page=20,next »,https://www.goodreads.com/review/list/75557397-holly?page=2&per_page=20&shelf=read&utf8=%E2%9C%93,Half of a Yellow Sun,"Adichie, Chimamanda Ngozi","Dec 14, 2019"
1614669956-987,https://www.goodreads.com/review/list/75557397-holly?utf8=%E2%9C%93&shelf=read&title=holly&per_page=20,,,"Girl, Woman, Other","Evaristo, Bernardine","Jan 26, 2021"
1614669970-1033,https://www.goodreads.com/review/list/75557397-holly?utf8=%E2%9C%93&shelf=read&title=holly&per_page=20,next »,https://www.goodreads.com/review/list/75557397-holly?page=3&per_page=20&shelf=read&utf8=%E2%9C%93,Essentialism: The Disciplined Pursuit of Less,"McKeown, Greg","Sep 19, 2019"
1614669986-1098,https://www.goodreads.com/review/list/75557397-holly?utf8=%E2%9C%93&shelf=read&title=holly&per_page=20,next »,https://www.goodreads.com/review/list/75557397-holly?page=6&per_page=20&shelf=read&utf8=%E2%9C%93,"Rebel
        (Faery Rebels, #2)","Anderson, R.J.",null
1614669963-1006,https://www.goodreads.com/review/list/75557397-holly?utf8=%E2%9C%93&shelf=read&title=holly&per_page=20,next »,https://www.goodreads.com/review/list/75557397-holly?page=2&per_page=20&shelf=read&utf8=%E2%9C%93,"Girl, Stop Apologizing: A Shame-Free Plan for Embracing and Achieving Your Goals","Hollis, Rachel","Mar 03, 2020"
1614669986-1093,https://www.goodreads.com/review/list/75557397-holly?utf8=%E2%9C%93&shelf=read&title=holly&per_page=20,next »,https://www.goodreads.com/review/list/75557397-holly?page=6&per_page=20&shelf=read&utf8=%E2%9C%93,"Harry Potter and the Cursed Child: Parts One and Two
        (Harry Potter, #8)","Tiffany, John",null
1614669986-1089,https://www.goodreads.com/review/list/75557397-holly?utf8=%E2%9C%93&shelf=read&title=holly&per_page=20,next »,https://www.goodreads.com/review/list/75557397-holly?page=6&per_page=20&shelf=read&utf8=%E2%9C%93,"Knife
        (Faery Rebels, #1)","Anderson, R.J.",null
1614669990-1111,https://www.goodreads.com/review/list/75557397-holly?utf8=%E2%9C%93&shelf=read&title=holly&per_page=20,next »,https://www.goodreads.com/review/list/75557397-holly?page=7&per_page=20&shelf=read&utf8=%E2%9C%93,"Arrow
        (Faery Rebels, #3)","Anderson, R.J.",null
1614669986-1103,https://www.goodreads.com/review/list/75557397-holly?utf8=%E2%9C%93&shelf=read&title=holly&per_page=20,next »,https://www.goodreads.com/review/list/75557397-holly?page=6&per_page=20&shelf=read&utf8=%E2%9C%93,"The Lost Colony
        (Artemis Fowl #5)","Colfer, Eoin",null
1614669975-1047,https://www.goodreads.com/review/list/75557397-holly?utf8=%E2%9C%93&shelf=read&title=holly&per_page=20,next »,https://www.goodreads.com/review/list/75557397-holly?page=4&per_page=20&shelf=read&utf8=%E2%9C%93,George and the Blue Moon,"Hawking, Lucy",May-19
1614669975-1054,https://www.goodreads.com/review/list/75557397-holly?utf8=%E2%9C%93&shelf=read&title=holly&per_page=20,next »,https://www.goodreads.com/review/list/75557397-holly?page=4&per_page=20&shelf=read&utf8=%E2%9C%93,"The Crown
        (The Selection, #5)","Cass, Kiera","Feb 24, 2019"
1614669956-997,https://www.goodreads.com/review/list/75557397-holly?utf8=%E2%9C%93&shelf=read&title=holly&per_page=20,,,Rich Enough? A Laid-Back Guide For Every Kiwi,"Holm, Mary","Aug 28, 2020"
1614669963-1008,https://www.goodreads.com/review/list/75557397-holly?utf8=%E2%9C%93&shelf=read&title=holly&per_page=20,next »,https://www.goodreads.com/review/list/75557397-holly?page=2&per_page=20&shelf=read&utf8=%E2%9C%93,"Allegiant
        (Divergent, #3)","Roth, Veronica","Feb 11, 2020"
1614669981-1079,https://www.goodreads.com/review/list/75557397-holly?utf8=%E2%9C%93&shelf=read&title=holly&per_page=20,next »,https://www.goodreads.com/review/list/75557397-holly?page=5&per_page=20&shelf=read&utf8=%E2%9C%93,Light of the Stars: Alien Worlds and the Fate of the Earth,"Frank, Adam","Jul 25, 2018"
1614669963-1020,https://www.goodreads.com/review/list/75557397-holly?utf8=%E2%9C%93&shelf=read&title=holly&per_page=20,next »,https://www.goodreads.com/review/list/75557397-holly?page=2&per_page=20&shelf=read&utf8=%E2%9C%93,"Avatar: The Last Airbender - The Rift
        (Avatar: The Last Airbender, #3)","Yang, Gene Luen","Dec 11, 2019"
1614669963-1022,https://www.goodreads.com/review/list/75557397-holly?utf8=%E2%9C%93&shelf=read&title=holly&per_page=20,next »,https://www.goodreads.com/review/list/75557397-holly?page=2&per_page=20&shelf=read&utf8=%E2%9C%93,"Avatar: The Last Airbender - The Search
        (Avatar: The Last Airbender, #2)","Yang, Gene Luen","Dec 06, 2019"
1614669956-998,https://www.goodreads.com/review/list/75557397-holly?utf8=%E2%9C%93&shelf=read&title=holly&per_page=20,,,"The Minimalist Home: A Room-By-Room Guide to a Decluttered, Refocused Life","Becker, Joshua","Aug 18, 2020"
1614669975-1046,https://www.goodreads.com/review/list/75557397-holly?utf8=%E2%9C%93&shelf=read&title=holly&per_page=20,next »,https://www.goodreads.com/review/list/75557397-holly?page=4&per_page=20&shelf=read&utf8=%E2%9C%93,Broke Millennial Takes on Investing: A Beginner's Guide to Leveling Up Your Money,"Lowry, Erin","May 04, 2019"
1614669986-1099,https://www.goodreads.com/review/list/75557397-holly?utf8=%E2%9C%93&shelf=read&title=holly&per_page=20,next »,https://www.goodreads.com/review/list/75557397-holly?page=6&per_page=20&shelf=read&utf8=%E2%9C%93,"Harry Potter and the Order of the Phoenix
        (Harry Potter, #5)","Rowling, J.K.",null
1614669963-1018,https://www.goodreads.com/review/list/75557397-holly?utf8=%E2%9C%93&shelf=read&title=holly&per_page=20,next »,https://www.goodreads.com/review/list/75557397-holly?page=2&per_page=20&shelf=read&utf8=%E2%9C%93,"Avatar: The Last Airbender - Smoke and Shadow
        (Avatar: The Last Airbender, #4)","Yang, Gene Luen","Dec 21, 2019"
1614669970-1029,https://www.goodreads.com/review/list/75557397-holly?utf8=%E2%9C%93&shelf=read&title=holly&per_page=20,next »,https://www.goodreads.com/review/list/75557397-holly?page=3&per_page=20&shelf=read&utf8=%E2%9C%93,Turning the Tide on Plastic: How Humanity (And You) Can Make Our Globe Clean Again,"Siegle, Lucy","Oct 19, 2019"
1614669970-1041,https://www.goodreads.com/review/list/75557397-holly?utf8=%E2%9C%93&shelf=read&title=holly&per_page=20,next »,https://www.goodreads.com/review/list/75557397-holly?page=3&per_page=20&shelf=read&utf8=%E2%9C%93,Forces of Nature,"Cox, Brian","Jun 13, 2019"
1614669963-1005,https://www.goodreads.com/review/list/75557397-holly?utf8=%E2%9C%93&shelf=read&title=holly&per_page=20,next »,https://www.goodreads.com/review/list/75557397-holly?page=2&per_page=20&shelf=read&utf8=%E2%9C%93,"The Legend of Korra: Ruins of the Empire
        (The Legend of Korra, #2)","DiMartino, Michael Dante","Mar 08, 2020"
1614669975-1050,https://www.goodreads.com/review/list/75557397-holly?utf8=%E2%9C%93&shelf=read&title=holly&per_page=20,next »,https://www.goodreads.com/review/list/75557397-holly?page=4&per_page=20&shelf=read&utf8=%E2%9C%93,Caesar's Last Breath: Decoding the Secrets of the Air Around Us,"Kean, Sam","Mar 29, 2019"
1614669970-1043,https://www.goodreads.com/review/list/75557397-holly?utf8=%E2%9C%93&shelf=read&title=holly&per_page=20,next »,https://www.goodreads.com/review/list/75557397-holly?page=3&per_page=20&shelf=read&utf8=%E2%9C%93,"Sightwitch
        (The Witchlands, #2.5)","Dennard, Susan","Jun 11, 2019"
1614669956-1000,https://www.goodreads.com/review/list/75557397-holly?utf8=%E2%9C%93&shelf=read&title=holly&per_page=20,,,The Great Pretender: The Undercover Mission That Changed Our Understanding of Madness,"Cahalan, Susannah","May 08, 2020"
1614669981-1069,https://www.goodreads.com/review/list/75557397-holly?utf8=%E2%9C%93&shelf=read&title=holly&per_page=20,next »,https://www.goodreads.com/review/list/75557397-holly?page=5&per_page=20&shelf=read&utf8=%E2%9C%93,Too Big to Walk: The New Science of Dinosaurs,"Ford, Brian J.","Nov 04, 2018"
1614669981-1065,https://www.goodreads.com/review/list/75557397-holly?utf8=%E2%9C%93&shelf=read&title=holly&per_page=20,next »,https://www.goodreads.com/review/list/75557397-holly?page=5&per_page=20&shelf=read&utf8=%E2%9C%93,"The Elite
        (The Selection, #2)","Cass, Kiera","Dec 04, 2018"
1614553373-898,https://www.goodreads.com/review/list/75557397-holly?utf8=%E2%9C%93&shelf=read&title=holly&per_page=20,next »,https://www.goodreads.com/review/list/75557397-holly?page=3&per_page=20&shelf=read&utf8=%E2%9C%93,Test,Test,"May 08, 2020"
